op_name,tensor_idx,num_elements,stddev,mean_error,max_abs_error,mean_squared_error,scale,zero_point,tensor_name
PAD,99,158700.0,0.0052287243,-5.4209588e-05,0.0093176365,2.7440232e-05,0.018658448,-14,Pad
TRANSPOSE,103,158700.0,0.0,0.0,0.0,0.0,0.018658448,-14,transpose_1
CONV_2D,107,802816.0,0.0056515457,3.0233374e-05,0.043572538,3.2095377e-05,0.018707344,-128,onnx_tf_prefix_Relu_1;Add;convolution_4;convolution;Const_40
TRANSPOSE,111,802816.0,0.0,0.0,0.0,0.0,0.018707344,-128,transpose_2
PADV2,115,802816.0,0.0,0.0,0.0,0.0,0.018707344,-128,PadV2
TRANSPOSE,119,802816.0,0.0,0.0,0.0,0.0,0.018707344,-128,transpose_3
MAX_POOL_2D,123,193600.0,0.0,0.0,0.0,0.0,0.018707344,-128,MaxPool2d
TRANSPOSE,127,193600.0,0.0,0.0,0.0,0.0,0.018707344,-128,transpose_4
PAD,131,207936.0,0.0,0.0,0.0,0.0,0.018707344,-128,Pad_1
TRANSPOSE,135,207936.0,0.0,0.0,0.0,0.0,0.018707344,-128,transpose_6
CONV_2D,139,193600.0,0.004452145,0.0003175379,0.042621735,1.9998803e-05,0.013022369,-128,onnx_tf_prefix_Relu_4;Add_2;convolution_4;convolution_1;Const_38
TRANSPOSE,143,193600.0,0.0,0.0,0.0,0.0,0.013022369,-128,transpose_7
PAD,147,207936.0,0.0,0.0,0.0,0.0,0.013022369,-128,Pad_2
TRANSPOSE,151,207936.0,0.0,0.0,0.0,0.0,0.013022369,-128,transpose_9
CONV_2D,155,193600.0,0.010432925,0.00012613198,0.043369196,0.00010890796,0.034162357,22,Add_3;convolution_4;convolution_2;Const_36
ADD,159,193600.0,0.0057321717,0.000108702254,0.011060677,3.28812e-05,0.022134067,-128,onnx_tf_prefix_Relu_7;onnx_tf_prefix_Add_6
TRANSPOSE,163,193600.0,0.0,0.0,0.0,0.0,0.022134067,-128,transpose_10
PAD,167,207936.0,0.0,0.0,0.0,0.0,0.022134067,-128,Pad_3
TRANSPOSE,171,207936.0,0.0,0.0,0.0,0.0,0.022134067,-128,transpose_12
CONV_2D,175,193600.0,0.0038188805,-2.1252541e-05,0.031605,1.461683e-05,0.011385834,-128,onnx_tf_prefix_Relu_9;Add_4;convolution_4;convolution_3;Const_34
TRANSPOSE,179,193600.0,0.0,0.0,0.0,0.0,0.011385834,-128,transpose_13
PAD,183,207936.0,0.0,0.0,0.0,0.0,0.011385834,-128,Pad_4
TRANSPOSE,187,207936.0,0.0,0.0,0.0,0.0,0.011385834,-128,transpose_15
CONV_2D,191,193600.0,0.012043074,-0.0001506134,0.05099748,0.00014510796,0.038973633,36,Add_5;convolution_4;Const_32
ADD,195,193600.0,0.006600434,-0.00024366431,0.013075471,4.363591e-05,0.026151227,-128,onnx_tf_prefix_Relu_12;onnx_tf_prefix_Add_11
TRANSPOSE,199,193600.0,0.0,0.0,0.0,0.0,0.026151227,-128,transpose_16
PAD,203,207936.0,0.0,0.0,0.0,0.0,0.026151227,-128,Pad_5
TRANSPOSE,207,207936.0,0.0,0.0,0.0,0.0,0.026151227,-128,transpose_18
CONV_2D,211,100352.0,0.0027348131,7.5991426e-05,0.023807984,7.499899e-06,0.009497368,-128,onnx_tf_prefix_Relu_14;Add_6;convolution_9;convolution_5;Const_30
TRANSPOSE,215,100352.0,0.0,0.0,0.0,0.0,0.009497368,-128,transpose_19
PAD,219,115200.0,0.0,0.0,0.0,0.0,0.009497368,-128,Pad_6
TRANSPOSE,223,115200.0,0.0,0.0,0.0,0.0,0.009497368,-128,transpose_21
CONV_2D,227,100352.0,0.008903932,-6.998927e-06,0.053485814,7.9364334e-05,0.026042804,-11,Add_7;convolution_9;convolution_6;Const_28
CONV_2D,231,100352.0,0.008311844,2.6183407e-06,0.037785076,6.910535e-05,0.02621306,28,Add_8;convolution_9;convolution_7;Const_26
ADD,235,100352.0,0.0033237992,6.179049e-05,0.0116759455,1.1054578e-05,0.016175974,-128,onnx_tf_prefix_Relu_18;onnx_tf_prefix_Add_17
TRANSPOSE,239,100352.0,0.0,0.0,0.0,0.0,0.016175974,-128,transpose_25
PAD,243,115200.0,0.0,0.0,0.0,0.0,0.016175974,-128,Pad_7
TRANSPOSE,247,115200.0,0.0,0.0,0.0,0.0,0.016175974,-128,transpose_27
CONV_2D,251,100352.0,0.002398395,-6.249078e-06,0.031364266,5.762026e-06,0.011382878,-128,onnx_tf_prefix_Relu_20;Add_9;convolution_9;convolution_8;Const_24
TRANSPOSE,255,100352.0,0.0,0.0,0.0,0.0,0.011382878,-128,transpose_28
PAD,259,115200.0,0.0,0.0,0.0,0.0,0.011382878,-128,Pad_8
TRANSPOSE,263,115200.0,0.0,0.0,0.0,0.0,0.011382878,-128,transpose_30
CONV_2D,267,100352.0,0.010112827,-5.6528508e-05,0.040489163,0.00010228168,0.033664163,-16,Add_10;convolution_9;Const_22
ADD,271,100352.0,0.004366092,7.590834e-05,0.01067982,1.9072853e-05,0.021372605,-128,onnx_tf_prefix_Relu_23;onnx_tf_prefix_Add_22
TRANSPOSE,275,100352.0,0.0,0.0,0.0,0.0,0.021372605,-128,transpose_31
PAD,279,115200.0,0.0,0.0,0.0,0.0,0.021372605,-128,Pad_9
TRANSPOSE,283,115200.0,0.0,0.0,0.0,0.0,0.021372605,-128,transpose_33
CONV_2D,287,50176.0,0.002490642,7.0429855e-06,0.019985793,6.2151453e-06,0.011091342,-128,onnx_tf_prefix_Relu_25;Add_11;convolution_14;convolution_10;Const_20
TRANSPOSE,291,50176.0,0.0,0.0,0.0,0.0,0.011091342,-128,transpose_34
PAD,295,65536.0,0.0,0.0,0.0,0.0,0.011091342,-128,Pad_10
TRANSPOSE,299,65536.0,0.0,0.0,0.0,0.0,0.011091342,-128,transpose_36
CONV_2D,303,50176.0,0.00777826,-5.174505e-06,0.042953167,6.0528422e-05,0.023980118,-30,Add_12;convolution_14;convolution_11;Const_18
CONV_2D,307,50176.0,0.003401287,5.7981662e-05,0.013772067,1.1573004e-05,0.0113363955,46,Add_13;convolution_14;convolution_12;Const_16
ADD,311,50176.0,0.0025428608,6.7287824e-06,0.009670269,6.467593e-06,0.013036331,-128,onnx_tf_prefix_Relu_29;onnx_tf_prefix_Add_28
TRANSPOSE,315,50176.0,0.0,0.0,0.0,0.0,0.013036331,-128,transpose_40
PAD,319,65536.0,0.0,0.0,0.0,0.0,0.013036331,-128,Pad_11
TRANSPOSE,323,65536.0,0.0,0.0,0.0,0.0,0.013036331,-128,transpose_42
CONV_2D,327,50176.0,0.0017035927,1.5638265e-05,0.019459307,2.9042715e-06,0.010216298,-128,onnx_tf_prefix_Relu_31;Add_14;convolution_14;convolution_13;Const_14
TRANSPOSE,331,50176.0,0.0,0.0,0.0,0.0,0.010216298,-128,transpose_43
PAD,335,65536.0,0.0,0.0,0.0,0.0,0.010216298,-128,Pad_12
TRANSPOSE,339,65536.0,0.0,0.0,0.0,0.0,0.010216298,-128,transpose_45
CONV_2D,343,50176.0,0.008363282,5.1953857e-06,0.04076369,6.99495e-05,0.027660629,0,Add_15;convolution_14;Const_12
ADD,347,50176.0,0.0031734628,-4.0346287e-05,0.008259931,1.0079791e-05,0.016525367,-128,onnx_tf_prefix_Relu_34;onnx_tf_prefix_Add_33
TRANSPOSE,351,50176.0,0.0,0.0,0.0,0.0,0.016525367,-128,transpose_46
PAD,355,65536.0,0.0,0.0,0.0,0.0,0.016525367,-128,Pad_13
TRANSPOSE,359,65536.0,0.0,0.0,0.0,0.0,0.016525367,-128,transpose_48
CONV_2D,363,25088.0,0.0018851812,1.5817751e-06,0.017803088,3.5553805e-06,0.013072731,-128,onnx_tf_prefix_Relu_36;Add_16;convolution_19;convolution_15;Const_10
TRANSPOSE,367,25088.0,0.0,0.0,0.0,0.0,0.013072731,-128,transpose_49
PAD,371,41472.0,0.0,0.0,0.0,0.0,0.013072731,-128,Pad_14
TRANSPOSE,375,41472.0,0.0,0.0,0.0,0.0,0.013072731,-128,transpose_51
CONV_2D,379,25088.0,0.010533259,-1.0647155e-05,0.051351093,0.00011096459,0.033179946,2,Add_17;convolution_19;convolution_16;Const_8
CONV_2D,383,25088.0,0.006019348,0.00018415342,0.027904147,3.6272337e-05,0.01886232,0,Add_18;convolution_19;convolution_17;Const_6
ADD,387,25088.0,0.0024104076,1.7699469e-05,0.009105766,5.8140795e-06,0.018214578,-128,onnx_tf_prefix_Relu_40;onnx_tf_prefix_Add_39
TRANSPOSE,391,25088.0,0.0,0.0,0.0,0.0,0.018214578,-128,transpose_55
PAD,395,41472.0,0.0,0.0,0.0,0.0,0.018214578,-128,Pad_15
TRANSPOSE,399,41472.0,0.0,0.0,0.0,0.0,0.018214578,-128,transpose_57
CONV_2D,403,25088.0,0.00151033,4.072593e-06,0.025522677,2.2946995e-06,0.0089512,-128,onnx_tf_prefix_Relu_42;Add_19;convolution_19;convolution_18;Const_4
TRANSPOSE,407,25088.0,0.0,0.0,0.0,0.0,0.0089512,-128,transpose_58
PAD,411,41472.0,0.0,0.0,0.0,0.0,0.0089512,-128,Pad_16
TRANSPOSE,415,41472.0,0.0,0.0,0.0,0.0,0.0089512,-128,transpose_60
CONV_2D,419,25088.0,0.047741685,6.35912e-05,0.225709,0.0022798814,0.15131052,-38,Add_20;convolution_19;Const_2
ADD,423,25088.0,0.021916775,-0.0022649055,0.052860606,0.00048615198,0.104386546,-128,onnx_tf_prefix_Relu_45;onnx_tf_prefix_Add_44
TRANSPOSE,427,25088.0,0.0,0.0,0.0,0.0,0.104386546,-128,transpose_61
MEAN,431,512.0,0.010671377,-3.0208093e-05,0.027053503,0.000114317976,0.036787488,-128,Mean
RESHAPE,439,512.0,0.0,0.0,0.0,0.0,0.036787488,-128,Reshape
RESHAPE,445,512.0,0.0,0.0,0.0,0.0,0.036787488,-128,flatten/Reshape;Reshape
FULLY_CONNECTED,449,1000.0,0.05951228,0.0015265626,0.23329592,0.0035576462,0.11558232,-57,PartitionedCall:0
